Project Name,Google Drive Folder Link
Clearfield_Hooper_Ogden_Maint_Sheds,https://drive.google.com/drive/folders/1rhwlWfYxWWvmbC74gXRs7zcyFZvAzSCL?usp=sharing
CTW_Projects_1_and_2_Lists_Maps,https://drive.google.com/drive/folders/1SCvpXJNCCbePnm4ke_1yIYlMH6utkNAJ?usp=sharing
Deployment_Plan_Concept_Report,https://drive.google.com/drive/folders/181CwfLrYaL-M-auD4mGm4APvF5MZ4lOV?usp=sharing
Narwhal_Contracts,https://drive.google.com/drive/folders/122dOosa9A3IguvYBa_eLCLfiE32E1O7L?usp=drive_link
North_Davis_Fire_Dept,https://drive.google.com/drive/folders/1PiVMhLQTxahYhQ2WUhlVPPDgn3kE1KIY?usp=drive_link
Permissions_For_CV2X_On_State_Vehicles,https://drive.google.com/drive/folders/1KHG29d-KOaxVRAu-hDjeltw7d5Q4vp3T?usp=drive_link
Project_1_Logan_Enclave,https://drive.google.com/drive/folders/1FnDHZb2J0hziL8mQSxMHXYEXS_0mXUC2?usp=drive_link
Project_2_VSL,https://drive.google.com/drive/folders/1VmZPu2hrXkps7LahBlFk608y1gjxWs3f?usp=drive_link
Project_4_Air_Quality,https://drive.google.com/drive/folders/1LQBDVZ5smI_k_dFCESXElyRa5odlbfGm?usp=drive_link
TSP_Signal_Timing_Guides,https://drive.google.com/drive/folders/1K4vYKpdxaSWOvPpiGCco-uFjgeeShGju?usp=drive_link
UPLAN_Map_Lists,https://drive.google.com/drive/folders/1rcf0iKQ1R1uZjodDqg1qrs4KBBZSMMSq?usp=drive_link
